[{"key":"1bf73dc3e627870b0c9c1d26b6ae104e","name":"Kirin659_Hi6250_T0_A8.0_V1.dtbootloader","size":1011164},{"key":"eeafb0a6fff2845a599ee20eb83d4106","name":"Kirin659_Hi6250_T0_A8.0_V2.dtbootloader","size":981136},{"key":"5586fd27a2d102f06a0d94f0276affef","name":"Kirin710_P1_V2.dtxloaderfs","size":4511066},{"key":"5e23f9ded358168d6e6b19285b18ea11","name":"Kirin935_Hi3635_T0_A5.0_V1.dtbootloader","size":579931},{"key":"611fc8a595cbead44c004d8b810cc810","name":"Kirin950_Hi3650_T0_A6.0_V1.dtbootloader","size":1155580},{"key":"c7ac6fc4c27d7acaf48a1de1e3e634a8","name":"Kirin955_Hi3650_T0_A7.0_V1.dtbootloader","size":1254090},{"key":"435d4dcfb3b3da244f641a885bd39d9b","name":"Kirin960_Hi3660_T0_A7.0_V1.dtbootloader","size":1424116},{"key":"1f7147e4734cfa05f60d46304b4a9406","name":"Kirin960_Hi3660_T0_A8.0_V2.dtbootloader","size":1240601},{"key":"e870fa16b8090c89c80bd5a6167918b3","name":"Kirin960_Hi3660_T0_A8.0_V5.dtbootloader","size":1244561},{"key":"d07d3beda7b0a9a9fbdca582d2767907","name":"Kirin960_Hi3660_T2_A7.0_V3.dtbootloader","size":1468593},{"key":"13ef94e9437ebc2195fb654fbb1c292a","name":"Kirin960_Hi3660_T2_A7.0_V4.dtbootloader","size":1298583},{"key":"bdedb889c4aa10478708ece8cae9853b","name":"Kirin970_T1_A8.0_V1.dtbootloader","size":4386570},{"key":"caffd53b9d887dc510dc98d00ef76302","name":"Kirin970_T1_A8.0_V2.dtbootloader","size":5157407},{"key":"3ecfc6a2c16aab3068da0a7339c6f21e","name":"Kirin970_T1_A8.1_V4.dtbootloader","size":4171760},{"key":"4d919cbd83e37c3eafd23705ad32ad70","name":"Kirin970_T1_A8.1_V6.dtbootloader","size":4171909},{"key":"a658d6c914c8c202c4faeac1f232daaa","name":"Kirin970_T2_A8.0_V3.dtbootloader","size":6112685},{"key":"18c766f9e1de5a81ba6bbbbf9f741db6","name":"Kirin970_T2_A8.1_V5.dtbootloader","size":5157451},{"key":"5c0bd067f34241fdf207f03f5a86fb53","name":"Kirin980_P1_V3.dtxloaderfs","size":5210539}]